race_date,race_number,pred_1st,pred_2nd,pred_3rd,pred_trio,pred_trifecta_1,pred_trifecta_2,pred_trifecta_3,pred_trifecta_4,actual_1st,actual_2nd,actual_3rd,actual_trio,actual_trifecta,first_hit,trio_hit,trifecta_hit,payout_trio,payout_trifecta,stadium_id,pred_trio_all
2026-07-01,1,1,2,3,"[1, 2, 3]","[1, 2, 3]","[1, 3, 2]","[2, 1, 3]","[2, 3, 1]",1.0,2.0,4.0,"[1, 2, 4]","[1, 2, 4]",1.0,0.0,0.0,350.0,710.0,24,
2026-07-01,2,1,2,3,"[1, 2, 3]","[1, 2, 3]","[2, 1, 3]","[2, 3, 1]","[3, 2, 1]",3.0,1.0,2.0,"[1, 2, 3]","[3, 1, 2]",0.0,1.0,0.0,370.0,2040.0,24,
2026-07-01,3,1,6,5,"[1, 5, 6]","[1, 6, 5]","[1, 5, 6]","[6, 1, 5]","[6, 5, 1]",1.0,2.0,3.0,"[1, 2, 3]","[1, 2, 3]",1.0,0.0,0.0,730.0,1270.0,24,
2026-07-01,4,3,1,2,"[1, 2, 3]","[3, 1, 2]","[3, 2, 1]","[1, 3, 2]","[1, 2, 3]",1.0,3.0,2.0,"[1, 2, 3]","[1, 3, 2]",0.0,1.0,0.0,170.0,730.0,24,
2026-07-01,5,1,5,2,"[1, 2, 5]","[1, 5, 2]","[1, 2, 5]","[5, 1, 2]","[5, 2, 1]",1.0,2.0,5.0,"[1, 2, 5]","[1, 2, 5]",1.0,1.0,0.0,350.0,530.0,24,
2026-07-01,6,1,5,2,"[1, 2, 5]","[1, 5, 2]","[1, 2, 5]","[5, 1, 2]","[5, 2, 1]",2.0,4.0,6.0,"[2, 4, 6]","[2, 4, 6]",0.0,0.0,0.0,19770.0,57030.0,24,
2026-07-01,7,1,3,2,"[1, 2, 3]","[1, 3, 2]","[1, 2, 3]","[3, 1, 2]","[3, 2, 1]",1.0,4.0,2.0,"[1, 2, 4]","[1, 4, 2]",1.0,0.0,0.0,410.0,1090.0,24,
2026-07-01,8,1,3,4,"[1, 3, 4]","[3, 4, 1]","[4, 3, 1]","[1, 3, 4]","[1, 4, 3]",1.0,2.0,4.0,"[1, 2, 4]","[1, 2, 4]",1.0,0.0,0.0,760.0,1330.0,24,
2026-07-01,9,1,2,3,"[1, 2, 3]","[1, 2, 3]","[1, 3, 2]","[2, 1, 3]","[2, 3, 1]",1.0,3.0,2.0,"[1, 2, 3]","[1, 3, 2]",1.0,1.0,0.0,160.0,420.0,24,
2026-07-01,10,1,2,5,"[1, 2, 5]","[1, 2, 5]","[1, 5, 2]","[2, 1, 5]","[5, 1, 2]",1.0,2.0,3.0,"[1, 2, 3]","[1, 2, 3]",1.0,0.0,0.0,270.0,630.0,24,
2026-07-01,11,1,3,2,"[1, 2, 3]","[1, 3, 2]","[1, 2, 3]","[3, 1, 2]","[3, 2, 1]",6.0,1.0,2.0,"[1, 2, 6]","[6, 1, 2]",0.0,0.0,0.0,1820.0,107160.0,24,
2026-07-01,12,1,2,4,"[1, 2, 4]","[1, 2, 4]","[1, 4, 2]","[2, 1, 4]","[2, 4, 1]",5.0,2.0,6.0,"[2, 5, 6]","[5, 2, 6]",0.0,0.0,0.0,15080.0,114330.0,24,
2026-07-02,1,1,2,4,"[1, 2, 4]","[1, 2, 4]","[1, 4, 2]","[2, 1, 4]","[4, 1, 2]",2.0,1.0,4.0,"[1, 2, 4]","[2, 1, 4]",0.0,1.0,0.0,800.0,6730.0,24,
2026-07-02,2,1,4,2,"[1, 2, 4]","[4, 2, 1]","[2, 4, 1]","[1, 4, 2]","[1, 2, 4]",2.0,3.0,1.0,"[1, 2, 3]","[2, 3, 1]",0.0,0.0,0.0,610.0,8510.0,24,
2026-07-02,3,1,2,4,"[1, 2, 4]","[1, 2, 4]","[1, 4, 2]","[2, 1, 4]","[2, 4, 1]",2.0,4.0,3.0,"[2, 3, 4]","[2, 4, 3]",0.0,0.0,0.0,1030.0,2590.0,24,
2026-07-02,4,1,3,5,"[1, 3, 5]","[1, 3, 5]","[3, 1, 5]","[3, 5, 1]","[5, 3, 1]",1.0,3.0,2.0,"[1, 2, 3]","[1, 3, 2]",1.0,0.0,0.0,420.0,860.0,24,
2026-07-02,5,1,4,2,"[1, 2, 4]","[1, 2, 4]","[2, 1, 4]","[1, 4, 2]","[4, 1, 2]",5.0,6.0,4.0,"[4, 5, 6]","[5, 6, 4]",0.0,0.0,0.0,2660.0,27950.0,24,
2026-07-02,6,1,6,3,"[1, 3, 6]","[6, 3, 1]","[3, 6, 1]","[1, 6, 3]","[1, 3, 6]",1.0,2.0,6.0,"[1, 2, 6]","[1, 2, 6]",1.0,0.0,0.0,320.0,680.0,24,
2026-07-02,7,1,3,5,"[1, 3, 5]","[1, 3, 5]","[1, 5, 3]","[3, 1, 5]","[3, 5, 1]",1.0,3.0,2.0,"[1, 2, 3]","[1, 3, 2]",1.0,0.0,0.0,260.0,910.0,24,
2026-07-02,8,1,2,3,"[1, 2, 3]","[1, 2, 3]","[1, 3, 2]","[2, 1, 3]","[2, 3, 1]",1.0,2.0,4.0,"[1, 2, 4]","[1, 2, 4]",1.0,0.0,0.0,560.0,810.0,24,
2026-07-02,9,1,3,2,"[1, 2, 3]","[1, 3, 2]","[1, 2, 3]","[3, 1, 2]","[2, 1, 3]",1.0,2.0,4.0,"[1, 2, 4]","[1, 2, 4]",1.0,0.0,0.0,640.0,1560.0,24,
2026-07-02,10,1,2,3,"[1, 2, 3]","[1, 2, 3]","[1, 3, 2]","[2, 1, 3]","[3, 1, 2]",1.0,3.0,2.0,"[1, 2, 3]","[1, 3, 2]",1.0,1.0,0.0,250.0,780.0,24,
2026-07-02,11,1,2,3,"[1, 2, 3]","[1, 2, 3]","[1, 3, 2]","[2, 1, 3]","[2, 3, 1]",1.0,2.0,4.0,"[1, 2, 4]","[1, 2, 4]",1.0,0.0,0.0,340.0,550.0,24,
2026-07-02,12,1,4,5,"[1, 4, 5]","[1, 4, 5]","[1, 5, 4]","[4, 1, 5]","[4, 5, 1]",2.0,1.0,6.0,"[1, 2, 6]","[2, 1, 6]",0.0,0.0,0.0,1410.0,12250.0,24,
2026-07-05,1,1,6,2,"[1, 2, 6]","[1, 6, 2]","[6, 1, 2]","[1, 2, 6]","[6, 2, 1]",4.0,1.0,6.0,"[1, 4, 6]","[4, 1, 6]",0.0,0.0,0.0,1710.0,28260.0,24,
2026-07-05,2,1,2,6,"[1, 2, 6]","[1, 2, 6]","[1, 6, 2]","[2, 1, 6]","[6, 1, 2]",1.0,3.0,6.0,"[1, 3, 6]","[1, 3, 6]",1.0,0.0,0.0,700.0,1550.0,24,
2026-07-05,3,1,3,2,"[1, 2, 3]","[1, 3, 2]","[1, 2, 3]","[3, 1, 2]","[3, 2, 1]",1.0,3.0,6.0,"[1, 3, 6]","[1, 3, 6]",1.0,0.0,0.0,460.0,1590.0,24,
2026-07-05,4,1,2,3,"[1, 2, 3]","[2, 3, 1]","[3, 2, 1]","[1, 2, 3]","[1, 3, 2]",4.0,5.0,6.0,"[4, 5, 6]","[4, 5, 6]",0.0,0.0,0.0,4490.0,17750.0,24,
2026-07-05,5,2,3,4,"[2, 3, 4]","[2, 3, 4]","[2, 4, 3]","[3, 2, 4]","[3, 4, 2]",3.0,4.0,2.0,"[2, 3, 4]","[3, 4, 2]",0.0,1.0,0.0,250.0,1020.0,24,
2026-07-05,6,1,5,2,"[1, 2, 5]","[1, 2, 5]","[5, 2, 1]","[2, 1, 5]","[2, 5, 1]",1.0,2.0,6.0,"[1, 2, 6]","[1, 2, 6]",1.0,0.0,0.0,2910.0,12160.0,24,
2026-07-05,7,1,3,5,"[1, 3, 5]","[1, 5, 3]","[3, 5, 1]","[5, 1, 3]","[5, 3, 1]",3.0,1.0,4.0,"[1, 3, 4]","[3, 1, 4]",0.0,0.0,0.0,390.0,3100.0,24,
2026-07-05,8,1,2,4,"[1, 2, 4]","[1, 2, 4]","[1, 4, 2]","[2, 1, 4]","[2, 4, 1]",1.0,2.0,5.0,"[1, 2, 5]","[1, 2, 5]",1.0,0.0,0.0,1470.0,3050.0,24,
2026-07-05,9,3,6,1,"[1, 3, 6]","[3, 6, 1]","[3, 1, 6]","[6, 3, 1]","[1, 3, 6]",1.0,6.0,2.0,"[1, 2, 6]","[1, 6, 2]",0.0,0.0,0.0,170.0,420.0,24,
2026-07-05,10,1,2,4,"[1, 2, 4]","[1, 4, 2]","[2, 4, 1]","[4, 1, 2]","[4, 2, 1]",1.0,4.0,2.0,"[1, 2, 4]","[1, 4, 2]",1.0,1.0,1.0,300.0,870.0,24,
2026-07-05,11,1,2,3,"[1, 2, 3]","[1, 2, 3]","[2, 1, 3]","[2, 3, 1]","[3, 2, 1]",1.0,2.0,5.0,"[1, 2, 5]","[1, 2, 5]",1.0,0.0,0.0,640.0,830.0,24,
2026-07-05,12,1,3,2,"[1, 2, 3]","[1, 3, 2]","[1, 2, 3]","[3, 1, 2]","[3, 2, 1]",1.0,3.0,2.0,"[1, 2, 3]","[1, 3, 2]",1.0,1.0,1.0,380.0,1450.0,24,
2026-07-06,1,4,1,2,"[1, 2, 4]","[4, 1, 2]","[4, 2, 1]","[1, 4, 2]","[1, 2, 4]",3.0,1.0,4.0,"[1, 3, 4]","[3, 1, 4]",0.0,0.0,0.0,480.0,1410.0,24,
2026-07-06,2,1,4,6,"[1, 4, 6]","[1, 4, 6]","[1, 6, 4]","[4, 1, 6]","[4, 6, 1]",4.0,2.0,1.0,"[1, 2, 4]","[4, 2, 1]",0.0,0.0,0.0,390.0,5250.0,24,
2026-07-06,3,5,4,2,"[2, 4, 5]","[4, 2, 5]","[2, 4, 5]","[5, 4, 2]","[5, 2, 4]",2.0,1.0,4.0,"[1, 2, 4]","[2, 1, 4]",0.0,0.0,0.0,440.0,2850.0,24,
2026-07-06,4,1,4,2,"[1, 2, 4]","[1, 2, 4]","[2, 1, 4]","[1, 4, 2]","[4, 1, 2]",3.0,1.0,2.0,"[1, 2, 3]","[3, 1, 2]",0.0,0.0,0.0,160.0,1520.0,24,
2026-07-06,5,2,3,5,"[2, 3, 5]","[2, 5, 3]","[3, 5, 2]","[5, 2, 3]","[5, 3, 2]",1.0,2.0,6.0,"[1, 2, 6]","[1, 2, 6]",0.0,0.0,0.0,460.0,1470.0,24,
2026-07-06,6,3,4,2,"[2, 3, 4]","[3, 4, 2]","[3, 2, 4]","[4, 3, 2]","[4, 2, 3]",2.0,4.0,5.0,"[2, 4, 5]","[2, 4, 5]",0.0,0.0,0.0,780.0,1780.0,24,
2026-07-06,7,1,2,4,"[1, 2, 4]","[1, 2, 4]","[1, 4, 2]","[2, 1, 4]","[2, 4, 1]",1.0,3.0,5.0,"[1, 3, 5]","[1, 3, 5]",1.0,0.0,0.0,1190.0,2170.0,24,
2026-07-06,8,4,3,2,"[2, 3, 4]","[4, 3, 2]","[4, 2, 3]","[3, 4, 2]","[3, 2, 4]",1.0,4.0,5.0,"[1, 4, 5]","[1, 4, 5]",0.0,0.0,0.0,240.0,970.0,24,
2026-07-06,9,3,6,1,"[1, 3, 6]","[3, 6, 1]","[6, 3, 1]","[3, 1, 6]","[6, 1, 3]",1.0,3.0,6.0,"[1, 3, 6]","[1, 3, 6]",0.0,1.0,0.0,480.0,900.0,24,
2026-07-06,10,1,4,3,"[1, 3, 4]","[1, 4, 3]","[1, 3, 4]","[4, 1, 3]","[4, 3, 1]",1.0,4.0,3.0,"[1, 3, 4]","[1, 4, 3]",1.0,1.0,1.0,350.0,660.0,24,
2026-07-06,11,4,2,6,"[2, 4, 6]","[4, 2, 6]","[2, 4, 6]","[4, 6, 2]","[2, 6, 4]",6.0,3.0,1.0,"[1, 3, 6]","[6, 3, 1]",0.0,0.0,0.0,1370.0,124530.0,24,
2026-07-06,12,1,2,4,"[1, 2, 4]","[2, 4, 1]","[4, 2, 1]","[1, 2, 4]","[1, 4, 2]",1.0,6.0,4.0,"[1, 4, 6]","[1, 6, 4]",1.0,0.0,0.0,1170.0,3260.0,24,
2026-07-07,1,1,4,2,"[1, 2, 4]","[1, 2, 4]",,,,1.0,3.0,4.0,"[1, 3, 4]","[1, 3, 4]",1.0,0.0,0.0,400.0,1020.0,18,"[[1, 2, 4]]"
2026-07-07,2,1,3,2,"[1, 2, 3]","[1, 2, 3]",,,,1.0,3.0,2.0,"[1, 2, 3]","[1, 3, 2]",1.0,1.0,0.0,620.0,1230.0,18,"[[1, 2, 3]]"
2026-07-07,3,1,3,4,"[1, 3, 4]","[1, 3, 4]",,,,6.0,1.0,4.0,"[1, 4, 6]","[6, 1, 4]",0.0,0.0,0.0,3300.0,26580.0,18,"[[1, 3, 4]]"
2026-07-07,4,1,2,4,"[1, 2, 4]","[1, 2, 4]",,,,5.0,4.0,1.0,"[1, 4, 5]","[5, 4, 1]",0.0,0.0,0.0,1070.0,36220.0,18,"[[1, 2, 4]]"
2026-07-07,5,1,5,3,"[1, 3, 5]","[1, 3, 5]",,,,1.0,3.0,5.0,"[1, 3, 5]","[1, 3, 5]",1.0,1.0,1.0,530.0,1010.0,18,"[[1, 3, 5]]"
2026-07-07,6,1,2,3,"[1, 2, 3]","[1, 2, 3]",,,,1.0,5.0,2.0,"[1, 2, 5]","[1, 5, 2]",1.0,0.0,0.0,420.0,1230.0,18,"[[1, 2, 3]]"
2026-07-07,7,1,3,4,"[1, 3, 4]","[1, 3, 4]",,,,3.0,5.0,4.0,"[3, 4, 5]","[3, 5, 4]",0.0,0.0,0.0,640.0,3950.0,18,"[[1, 3, 4]]"
2026-07-07,8,1,3,4,"[1, 3, 4]","[1, 3, 4]",,,,1.0,3.0,4.0,"[1, 3, 4]","[1, 3, 4]",1.0,1.0,1.0,380.0,880.0,18,"[[1, 3, 4]]"
2026-07-07,9,1,3,2,"[1, 2, 3]","[1, 2, 3]",,,,3.0,1.0,5.0,"[1, 3, 5]","[3, 1, 5]",0.0,0.0,0.0,300.0,3190.0,18,"[[1, 2, 3]]"
2026-07-07,10,1,2,4,"[1, 2, 4]","[1, 2, 4]",,,,2.0,1.0,6.0,"[1, 2, 6]","[2, 1, 6]",0.0,0.0,0.0,750.0,4130.0,18,"[[1, 2, 4]]"
2026-07-07,11,1,4,2,"[1, 2, 4]","[1, 2, 4]",,,,1.0,4.0,2.0,"[1, 2, 4]","[1, 4, 2]",1.0,1.0,0.0,500.0,1630.0,18,"[[1, 2, 4]]"
2026-07-07,12,1,5,4,"[1, 4, 5]","[1, 4, 5]",,,,1.0,3.0,5.0,"[1, 3, 5]","[1, 3, 5]",1.0,0.0,0.0,300.0,550.0,18,"[[1, 4, 5]]"
2026-07-07,1,1,3,2,"[1, 2, 3]","[1, 2, 3]",,,,3.0,4.0,1.0,"[1, 3, 4]","[3, 4, 1]",0.0,0.0,0.0,1410.0,16940.0,24,"[[1, 2, 3]]"
2026-07-07,2,1,4,3,"[1, 3, 4]","[1, 3, 4]",,,,1.0,4.0,3.0,"[1, 3, 4]","[1, 4, 3]",1.0,1.0,0.0,260.0,1160.0,24,"[[1, 3, 4]]"
2026-07-07,3,5,2,4,"[2, 4, 5]","[2, 4, 5]",,,,2.0,5.0,4.0,"[2, 4, 5]","[2, 5, 4]",0.0,1.0,0.0,360.0,1850.0,24,"[[2, 4, 5]]"
2026-07-07,4,4,1,2,"[1, 2, 4]","[1, 2, 4]",,,,4.0,1.0,5.0,"[1, 4, 5]","[4, 1, 5]",1.0,0.0,0.0,590.0,2360.0,24,"[[1, 2, 4]]"
2026-07-07,5,1,5,3,"[1, 3, 5]","[1, 3, 5]",,,,1.0,3.0,5.0,"[1, 3, 5]","[1, 3, 5]",1.0,1.0,1.0,320.0,800.0,24,"[[1, 3, 5]]"
2026-07-07,6,1,2,4,"[1, 2, 4]","[1, 2, 4]",,,,2.0,3.0,1.0,"[1, 2, 3]","[2, 3, 1]",0.0,0.0,0.0,630.0,2250.0,24,"[[1, 2, 4]]"
2026-07-07,7,1,4,2,"[1, 2, 4]","[1, 2, 4]",,,,4.0,1.0,5.0,"[1, 4, 5]","[4, 1, 5]",0.0,0.0,0.0,1070.0,3310.0,24,"[[1, 2, 4]]"
2026-07-07,8,1,2,4,"[1, 2, 4]","[1, 2, 4]",,,,2.0,1.0,5.0,"[1, 2, 5]","[2, 1, 5]",0.0,0.0,0.0,470.0,1390.0,24,"[[1, 2, 4]]"
2026-07-07,9,1,2,4,"[1, 2, 4]","[1, 2, 4]",,,,1.0,2.0,3.0,"[1, 2, 3]","[1, 2, 3]",1.0,0.0,0.0,370.0,770.0,24,"[[1, 2, 4]]"
2026-07-07,10,1,3,2,"[1, 2, 3]","[1, 2, 3]",,,,,,,,,,,,,,24,"[[1, 2, 3]]"
2026-07-07,11,1,3,4,"[1, 3, 4]","[1, 3, 4]",,,,,,,,,,,,,,24,"[[1, 3, 4]]"
2026-07-07,12,1,4,2,"[1, 2, 4]","[1, 2, 4]",,,,,,,,,,,,,,24,"[[1, 2, 4]]"
2026-07-08,1,1,3,6,"[1, 3, 6]","[1, 3, 6]",,,,1.0,3.0,6.0,"[1, 3, 6]",,1.0,1.0,,400.0,670.0,18,"[[1, 3, 6]]"
2026-07-08,2,1,2,6,"[1, 2, 6]","[1, 2, 6]",,,,2.0,1.0,3.0,"[1, 2, 3]",,0.0,0.0,,1610.0,13070.0,18,"[[1, 2, 6]]"
2026-07-08,3,1,2,4,"[1, 2, 4]","[1, 2, 4]",,,,2.0,1.0,3.0,"[1, 2, 3]",,0.0,0.0,,340.0,2800.0,18,"[[1, 2, 4]]"
2026-07-08,4,1,2,3,"[1, 2, 3]","[1, 2, 3]",,,,2.0,1.0,4.0,"[1, 2, 4]",,0.0,0.0,,740.0,4250.0,18,"[[1, 2, 3]]"
2026-07-08,5,1,3,2,"[1, 2, 3]","[1, 2, 3]",,,,4.0,5.0,3.0,"[3, 4, 5]",,0.0,0.0,,7700.0,71480.0,18,"[[1, 2, 3]]"
2026-07-08,6,1,4,2,"[1, 2, 4]","[1, 2, 4]",,,,5.0,2.0,6.0,"[2, 5, 6]",,0.0,0.0,,1740.0,16000.0,18,"[[1, 2, 4]]"
2026-07-08,7,1,2,5,"[1, 2, 5]","[1, 2, 5]",,,,1.0,5.0,2.0,"[1, 2, 5]",,1.0,1.0,,370.0,1690.0,18,"[[1, 2, 5]]"
2026-07-08,8,1,2,6,"[1, 2, 6]","[1, 2, 6]",,,,4.0,6.0,2.0,"[2, 4, 6]",,0.0,0.0,,1440.0,8420.0,18,"[[1, 2, 6]]"
2026-07-08,9,1,3,4,"[1, 3, 4]","[1, 3, 4]",,,,1.0,6.0,2.0,"[1, 2, 6]",,1.0,0.0,,550.0,2520.0,18,"[[1, 3, 4]]"
2026-07-08,10,1,3,4,"[1, 3, 4]","[1, 3, 4]",,,,1.0,3.0,5.0,"[1, 3, 5]",,1.0,0.0,,1120.0,2050.0,18,"[[1, 3, 4]]"
2026-07-08,11,1,2,3,"[1, 2, 3]","[1, 2, 3]",,,,1.0,3.0,4.0,"[1, 3, 4]",,1.0,0.0,,640.0,1170.0,18,"[[1, 2, 3]]"
2026-07-08,12,1,2,3,"[1, 2, 3]","[1, 2, 3]",,,,1.0,2.0,4.0,"[1, 2, 4]",,1.0,0.0,,470.0,600.0,18,"[[1, 2, 3]]"
2026-07-08,1,1,2,5,"[1, 2, 5]","[1, 2, 5]",,,,1.0,2.0,6.0,"[1, 2, 6]",,1.0,0.0,,640.0,900.0,24,"[[1, 2, 5]]"
2026-07-08,2,1,3,2,"[1, 2, 3]","[1, 2, 3]",,,,2.0,5.0,1.0,"[1, 2, 5]",,0.0,0.0,,870.0,4830.0,24,"[[1, 2, 3]]"
2026-07-08,3,1,5,3,"[1, 3, 5]","[1, 3, 5]",,,,5.0,4.0,3.0,"[3, 4, 5]",,0.0,0.0,,2350.0,16420.0,24,"[[1, 3, 5]]"
2026-07-08,4,1,5,3,"[1, 3, 5]","[1, 3, 5]",,,,1.0,5.0,2.0,"[1, 2, 5]",,1.0,0.0,,680.0,1260.0,24,"[[1, 3, 5]]"
2026-07-08,5,1,5,4,"[1, 4, 5]","[1, 4, 5]",,,,1.0,4.0,3.0,"[1, 3, 4]",,1.0,0.0,,710.0,1280.0,24,"[[1, 4, 5]]"
2026-07-08,6,1,5,2,"[1, 2, 5]","[1, 2, 5]",,,,5.0,2.0,4.0,"[2, 4, 5]",,0.0,0.0,,1380.0,7460.0,24,"[[1, 2, 5]]"
2026-07-08,7,1,4,3,"[1, 3, 4]","[1, 3, 4]",,,,4.0,5.0,1.0,"[1, 4, 5]",,0.0,0.0,,630.0,7050.0,24,"[[1, 3, 4]]"
2026-07-08,8,1,4,3,"[1, 3, 4]","[1, 3, 4]",,,,1.0,2.0,4.0,"[1, 2, 4]",,1.0,0.0,,180.0,560.0,24,"[[1, 3, 4]]"
2026-07-08,9,1,2,3,"[1, 2, 3]","[1, 2, 3]",,,,1.0,2.0,6.0,"[1, 2, 6]",,1.0,0.0,,1950.0,3090.0,24,"[[1, 2, 3]]"
2026-07-08,10,1,3,2,"[1, 2, 3]","[1, 2, 3]",,,,1.0,2.0,5.0,"[1, 2, 5]",,1.0,0.0,,410.0,660.0,24,"[[1, 2, 3]]"
2026-07-08,11,1,3,2,"[1, 2, 3]","[1, 2, 3]",,,,1.0,5.0,3.0,"[1, 3, 5]",,1.0,0.0,,490.0,1980.0,24,"[[1, 2, 3]]"
2026-07-08,12,1,3,6,"[1, 3, 6]","[1, 3, 6]",,,,,,,,,,,,,,24,"[[1, 3, 6]]"
2026-07-14,1,1,2,4,,,,,,1.0,5.0,4.0,"[1, 4, 5]",,1.0,0.0,,1860.0,5520.0,21,[]
2026-07-14,2,1,4,3,,,,,,1.0,2.0,4.0,"[1, 2, 4]",,1.0,0.0,,220.0,540.0,21,[]
2026-07-14,3,1,3,5,,,,,,1.0,3.0,5.0,"[1, 3, 5]",,1.0,0.0,,190.0,410.0,21,[]
2026-07-14,4,1,3,4,,,,,,4.0,1.0,3.0,"[1, 3, 4]",,0.0,0.0,,320.0,19470.0,21,[]
2026-07-14,5,1,4,3,,,,,,1.0,5.0,6.0,"[1, 5, 6]",,1.0,0.0,,3170.0,5800.0,21,[]
2026-07-14,6,1,4,3,,,,,,2.0,5.0,1.0,"[1, 2, 5]",,0.0,0.0,,4480.0,60840.0,21,[]
2026-07-14,7,1,4,2,,,,,,1.0,4.0,2.0,"[1, 2, 4]",,1.0,0.0,,280.0,960.0,21,[]
2026-07-14,8,1,2,4,,,,,,5.0,4.0,1.0,"[1, 4, 5]",,0.0,0.0,,1350.0,31170.0,21,[]
2026-07-14,9,1,6,2,,,,,,1.0,2.0,6.0,"[1, 2, 6]",,1.0,0.0,,300.0,660.0,21,[]
2026-07-14,10,1,3,4,,,,,,1.0,2.0,4.0,"[1, 2, 4]",,1.0,0.0,,890.0,1610.0,21,[]
2026-07-14,11,1,3,2,,,,,,3.0,1.0,5.0,"[1, 3, 5]",,0.0,0.0,,670.0,4020.0,21,[]
2026-07-14,12,1,3,2,"[1, 2, 5]",,,,,2.0,4.0,5.0,"[2, 4, 5]",,0.0,0.0,,2630.0,18930.0,21,"[[1, 2, 5]]"
2026-07-14,1,1,2,4,,,,,,2.0,4.0,1.0,"[1, 2, 4]",,0.0,0.0,,230.0,1180.0,24,[]
2026-07-14,2,1,3,4,,,,,,1.0,6.0,3.0,"[1, 3, 6]",,1.0,0.0,,4580.0,55200.0,24,[]
2026-07-14,3,1,2,3,,,,,,2.0,1.0,4.0,"[1, 2, 4]",,0.0,0.0,,900.0,3820.0,24,[]
2026-07-14,4,1,4,2,,,,,,5.0,1.0,4.0,"[1, 4, 5]",,0.0,0.0,,890.0,17680.0,24,[]
2026-07-14,5,1,4,3,,,,,,4.0,5.0,6.0,"[4, 5, 6]",,0.0,0.0,,3870.0,22180.0,24,[]
2026-07-14,6,1,2,3,,,,,,2.0,3.0,6.0,"[2, 3, 6]",,0.0,0.0,,840.0,1800.0,24,[]
2026-07-14,7,1,3,2,,,,,,3.0,1.0,6.0,"[1, 3, 6]",,0.0,0.0,,830.0,11940.0,24,[]
2026-07-14,8,1,2,6,,,,,,1.0,2.0,6.0,"[1, 2, 6]",,1.0,0.0,,220.0,590.0,24,[]
2026-07-14,9,1,3,4,,,,,,1.0,3.0,6.0,"[1, 3, 6]",,1.0,0.0,,940.0,2760.0,24,[]
2026-07-14,10,1,2,3,,,,,,2.0,5.0,1.0,"[1, 2, 5]",,0.0,0.0,,1620.0,21780.0,24,[]
2026-07-14,11,1,3,2,,,,,,1.0,3.0,2.0,"[1, 2, 3]",,1.0,0.0,,400.0,1300.0,24,[]
2026-07-14,12,1,4,5,,,,,,1.0,4.0,3.0,"[1, 3, 4]",,1.0,0.0,,840.0,2960.0,24,[]
2026-07-15,1,1,2,4,,,,,,1.0,4.0,2.0,"[1, 2, 4]",,1.0,0.0,,280.0,660.0,18,[]
2026-07-15,2,1,5,4,,,,,,5.0,2.0,1.0,"[1, 2, 5]",,0.0,0.0,,430.0,11010.0,18,[]
2026-07-15,3,1,4,5,,,,,,3.0,4.0,6.0,"[3, 4, 6]",,0.0,0.0,,12220.0,47400.0,18,[]
2026-07-15,4,1,2,5,,,,,,3.0,1.0,2.0,"[1, 2, 3]",,0.0,0.0,,290.0,20830.0,18,[]
2026-07-15,5,1,3,2,,,,,,1.0,2.0,5.0,"[1, 2, 5]",,1.0,0.0,,410.0,930.0,18,[]
2026-07-15,6,1,2,3,,,,,,4.0,1.0,5.0,"[1, 4, 5]",,0.0,0.0,,1440.0,11390.0,18,[]
2026-07-15,7,1,2,3,,,,,,1.0,2.0,6.0,"[1, 2, 6]",,1.0,0.0,,340.0,880.0,18,[]
2026-07-15,8,1,3,5,,,,,,1.0,3.0,5.0,"[1, 3, 5]",,1.0,0.0,,270.0,490.0,18,[]
2026-07-15,9,1,3,2,,,,,,2.0,1.0,3.0,"[1, 2, 3]",,0.0,0.0,,250.0,3270.0,18,[]
2026-07-15,10,1,3,5,,,,,,1.0,5.0,3.0,"[1, 3, 5]",,1.0,0.0,,230.0,3960.0,18,[]
2026-07-15,11,1,5,3,,,,,,1.0,3.0,2.0,"[1, 2, 3]",,1.0,0.0,,610.0,2190.0,18,[]
2026-07-15,12,1,4,5,,,,,,1.0,3.0,4.0,"[1, 3, 4]",,1.0,0.0,,400.0,1000.0,18,[]
2026-07-15,1,1,2,4,,,,,,2.0,1.0,5.0,"[1, 2, 5]",,0.0,0.0,,590.0,4330.0,21,[]
2026-07-15,2,1,4,3,,,,,,1.0,4.0,2.0,"[1, 2, 4]",,1.0,0.0,,350.0,960.0,21,[]
2026-07-15,3,1,3,5,,,,,,2.0,4.0,3.0,"[2, 3, 4]",,0.0,0.0,,1540.0,12240.0,21,[]
2026-07-15,4,1,3,5,,,,,,4.0,1.0,6.0,"[1, 4, 6]",,0.0,0.0,,1900.0,15650.0,21,[]
2026-07-15,5,1,4,3,,,,,,1.0,3.0,6.0,"[1, 3, 6]",,1.0,0.0,,610.0,1200.0,21,[]
2026-07-15,6,1,2,5,,,,,,5.0,4.0,1.0,"[1, 4, 5]",,0.0,0.0,,3980.0,45450.0,21,[]
2026-07-15,7,1,4,2,,,,,,2.0,4.0,5.0,"[2, 4, 5]",,0.0,0.0,,2240.0,9850.0,21,[]
2026-07-15,8,1,3,6,,,,,,1.0,3.0,4.0,"[1, 3, 4]",,1.0,0.0,,500.0,1860.0,21,[]
2026-07-15,9,1,6,3,"[1, 3, 6]",,,,,2.0,1.0,6.0,"[1, 2, 6]",,0.0,0.0,,1260.0,43210.0,21,"[[1, 3, 6]]"
2026-07-15,10,1,2,5,,,,,,2.0,5.0,6.0,"[2, 5, 6]",,0.0,0.0,,1790.0,6800.0,21,[]
2026-07-15,11,1,3,4,,,,,,3.0,1.0,2.0,"[1, 2, 3]",,0.0,0.0,,690.0,5460.0,21,[]
2026-07-15,12,1,3,4,,,,,,4.0,1.0,5.0,"[1, 4, 5]",,0.0,0.0,,770.0,3980.0,21,[]
2026-07-15,1,1,3,4,,,,,,3.0,1.0,2.0,"[1, 2, 3]",,0.0,0.0,,820.0,4600.0,24,[]
2026-07-15,2,1,5,2,,,,,,1.0,5.0,2.0,"[1, 2, 5]",,1.0,0.0,,340.0,1070.0,24,[]
2026-07-15,3,1,6,5,,,,,,5.0,3.0,6.0,"[3, 5, 6]",,0.0,0.0,,2190.0,14440.0,24,[]
2026-07-15,4,1,3,2,,,,,,5.0,1.0,3.0,"[1, 3, 5]",,0.0,0.0,,1050.0,22190.0,24,[]
2026-07-15,5,1,5,4,,,,,,1.0,5.0,4.0,"[1, 4, 5]",,1.0,0.0,,240.0,560.0,24,[]
2026-07-15,6,1,4,2,,,,,,4.0,6.0,2.0,"[2, 4, 6]",,0.0,0.0,,720.0,2930.0,24,[]
2026-07-15,7,1,2,4,,,,,,5.0,1.0,3.0,"[1, 3, 5]",,0.0,0.0,,2080.0,26510.0,24,[]
2026-07-15,8,1,2,5,,,,,,1.0,2.0,6.0,"[1, 2, 6]",,1.0,0.0,,420.0,860.0,24,[]
2026-07-15,9,1,4,2,,,,,,1.0,4.0,3.0,"[1, 3, 4]",,1.0,0.0,,330.0,810.0,24,[]
2026-07-15,10,1,3,5,,,,,,5.0,1.0,2.0,"[1, 2, 5]",,0.0,0.0,,720.0,6860.0,24,[]
2026-07-15,11,1,4,5,,,,,,1.0,5.0,6.0,"[1, 5, 6]",,1.0,0.0,,5150.0,8500.0,24,[]
2026-07-15,12,1,4,3,,,,,,1.0,5.0,4.0,"[1, 4, 5]",,1.0,0.0,,1160.0,5960.0,24,[]
2026-07-16,1,1,2,5,,,,,,1.0,2.0,3.0,"[1, 2, 3]",,1.0,0.0,,520.0,960.0,18,[]
2026-07-16,2,1,3,2,,,,,,4.0,6.0,1.0,"[1, 4, 6]",,0.0,0.0,,3420.0,65870.0,18,[]
2026-07-16,3,1,4,3,,,,,,4.0,1.0,3.0,"[1, 3, 4]",,0.0,0.0,,210.0,1220.0,18,[]
2026-07-16,4,1,2,3,,,,,,3.0,1.0,5.0,"[1, 3, 5]",,0.0,0.0,,1800.0,11820.0,18,[]
2026-07-16,5,1,3,4,,,,,,1.0,2.0,4.0,"[1, 2, 4]",,1.0,0.0,,1070.0,2140.0,18,[]
2026-07-16,6,1,2,3,,,,,,1.0,3.0,2.0,"[1, 2, 3]",,1.0,0.0,,560.0,3850.0,18,[]
2026-07-16,7,1,2,3,,,,,,2.0,1.0,6.0,"[1, 2, 6]",,0.0,0.0,,310.0,1170.0,18,[]
2026-07-16,8,1,6,4,,,,,,1.0,4.0,3.0,"[1, 3, 4]",,1.0,0.0,,670.0,2750.0,18,[]
2026-07-16,9,1,2,4,,,,,,1.0,6.0,2.0,"[1, 2, 6]",,1.0,0.0,,280.0,1540.0,18,[]
2026-07-16,10,1,3,4,,,,,,1.0,3.0,2.0,"[1, 2, 3]",,1.0,0.0,,310.0,960.0,18,[]
2026-07-16,11,1,4,2,"[1, 2, 4]",,,,,2.0,1.0,3.0,"[1, 2, 3]",,0.0,0.0,,530.0,6410.0,18,"[[1, 2, 4]]"
2026-07-16,12,1,3,4,,,,,,2.0,1.0,6.0,"[1, 2, 6]",,0.0,0.0,,2240.0,33020.0,18,[]
2026-07-16,1,1,2,3,,,,,,3.0,2.0,4.0,"[2, 3, 4]",,0.0,0.0,,4890.0,27090.0,21,[]
2026-07-16,2,1,4,2,,,,,,4.0,5.0,1.0,"[1, 4, 5]",,0.0,0.0,,840.0,6480.0,21,[]
2026-07-16,3,1,3,2,,,,,,1.0,3.0,5.0,"[1, 3, 5]",,1.0,0.0,,350.0,830.0,21,[]
2026-07-16,4,1,4,2,,,,,,1.0,4.0,5.0,"[1, 4, 5]",,1.0,0.0,,670.0,1210.0,21,[]
2026-07-16,5,1,2,3,"[1, 2, 3]",,,,,1.0,3.0,2.0,"[1, 2, 3]",,1.0,1.0,,300.0,890.0,21,"[[1, 2, 3]]"
2026-07-16,6,1,2,6,,,,,,1.0,4.0,2.0,"[1, 2, 4]",,1.0,0.0,,290.0,3690.0,21,[]
2026-07-16,7,1,3,2,,,,,,1.0,2.0,4.0,"[1, 2, 4]",,1.0,0.0,,560.0,1400.0,21,[]
2026-07-16,8,1,2,5,,,,,,1.0,3.0,5.0,"[1, 3, 5]",,1.0,0.0,,1670.0,4900.0,21,[]
2026-07-16,9,1,2,4,,,,,,2.0,1.0,4.0,"[1, 2, 4]",,0.0,0.0,,750.0,5440.0,21,[]
2026-07-16,10,1,4,3,,,,,,4.0,1.0,3.0,"[1, 3, 4]",,0.0,0.0,,970.0,19410.0,21,[]
2026-07-16,11,1,2,3,,,,,,6.0,2.0,5.0,"[2, 5, 6]",,0.0,0.0,,3240.0,76730.0,21,[]
2026-07-16,12,1,2,4,,,,,,1.0,3.0,2.0,"[1, 2, 3]",,1.0,0.0,,380.0,1080.0,21,[]
2026-07-16,1,1,5,2,,,,,,1.0,5.0,4.0,"[1, 4, 5]",,1.0,0.0,,1410.0,2870.0,24,[]
2026-07-16,2,1,3,2,,,,,,2.0,3.0,1.0,"[1, 2, 3]",,0.0,0.0,,320.0,4500.0,24,[]
2026-07-16,3,1,2,6,,,,,,1.0,4.0,6.0,"[1, 4, 6]",,1.0,0.0,,1830.0,4050.0,24,[]
2026-07-16,4,1,6,2,,,,,,1.0,6.0,3.0,"[1, 3, 6]",,1.0,0.0,,940.0,1530.0,24,[]
2026-07-16,5,1,5,2,,,,,,5.0,1.0,2.0,"[1, 2, 5]",,0.0,0.0,,350.0,3100.0,24,[]
2026-07-16,6,1,5,4,,,,,,1.0,4.0,5.0,"[1, 4, 5]",,1.0,0.0,,290.0,650.0,24,[]
2026-07-16,7,1,3,2,,,,,,1.0,3.0,2.0,"[1, 2, 3]",,1.0,0.0,,230.0,590.0,24,[]
2026-07-16,8,1,5,3,,,,,,1.0,3.0,2.0,"[1, 2, 3]",,1.0,0.0,,260.0,740.0,24,[]
2026-07-16,9,1,2,4,,,,,,1.0,2.0,3.0,"[1, 2, 3]",,1.0,0.0,,400.0,710.0,24,[]
2026-07-16,10,1,2,4,,,,,,5.0,6.0,1.0,"[1, 5, 6]",,0.0,0.0,,2350.0,43710.0,24,[]
2026-07-16,11,1,2,3,,,,,,1.0,3.0,2.0,"[1, 2, 3]",,1.0,0.0,,240.0,610.0,24,[]
2026-07-16,12,1,3,4,,,,,,3.0,4.0,1.0,"[1, 3, 4]",,0.0,0.0,,770.0,19190.0,24,[]
2026-07-17,1,1,3,4,,,,,,1.0,2.0,3.0,"[1, 2, 3]",,1.0,0.0,,280.0,640.0,18,[]
2026-07-17,2,1,5,2,,,,,,1.0,2.0,3.0,"[1, 2, 3]",,1.0,0.0,,690.0,1400.0,18,[]
2026-07-17,3,1,3,2,,,,,,3.0,1.0,2.0,"[1, 2, 3]",,0.0,0.0,,190.0,2120.0,18,[]
2026-07-17,4,1,2,4,,,,,,1.0,3.0,2.0,"[1, 2, 3]",,1.0,0.0,,600.0,2810.0,18,[]
2026-07-17,5,1,6,4,,,,,,1.0,4.0,6.0,"[1, 4, 6]",,1.0,0.0,,250.0,1190.0,18,[]
2026-07-17,6,1,4,3,,,,,,1.0,2.0,6.0,"[1, 2, 6]",,1.0,0.0,,5650.0,11980.0,18,[]
2026-07-17,7,1,2,3,,,,,,2.0,1.0,3.0,"[1, 2, 3]",,0.0,0.0,,320.0,1150.0,18,[]
2026-07-17,8,3,1,2,,,,,,1.0,5.0,3.0,"[1, 3, 5]",,0.0,0.0,,3130.0,23180.0,18,[]
2026-07-17,9,1,4,3,,,,,,1.0,4.0,2.0,"[1, 2, 4]",,1.0,0.0,,440.0,1420.0,18,[]
2026-07-17,10,1,3,2,,,,,,2.0,3.0,1.0,"[1, 2, 3]",,0.0,0.0,,210.0,5040.0,18,[]
2026-07-17,11,1,2,4,,,,,,1.0,3.0,2.0,"[1, 2, 3]",,1.0,0.0,,420.0,1540.0,18,[]
2026-07-17,12,1,2,4,,,,,,1.0,3.0,2.0,"[1, 2, 3]",,1.0,0.0,,490.0,1700.0,18,[]
2026-07-17,1,1,3,5,,,,,,1.0,3.0,5.0,"[1, 3, 5]",,1.0,0.0,,430.0,580.0,21,[]
2026-07-17,2,1,4,3,,,,,,1.0,4.0,3.0,"[1, 3, 4]",,1.0,0.0,,350.0,810.0,21,[]
2026-07-17,3,1,3,2,,,,,,5.0,3.0,6.0,"[3, 5, 6]",,0.0,0.0,,1030.0,6390.0,21,[]
2026-07-17,4,1,2,3,,,,,,4.0,5.0,6.0,"[4, 5, 6]",,0.0,0.0,,7840.0,42320.0,21,[]
2026-07-17,5,1,3,4,,,,,,1.0,2.0,3.0,"[1, 2, 3]",,1.0,0.0,,370.0,1040.0,21,[]
2026-07-17,6,1,2,4,,,,,,6.0,4.0,5.0,"[4, 5, 6]",,0.0,0.0,,1650.0,13850.0,21,[]
2026-07-17,7,1,4,3,,,,,,4.0,1.0,3.0,"[1, 3, 4]",,0.0,0.0,,400.0,2580.0,21,[]
2026-07-17,8,1,3,5,,,,,,1.0,5.0,2.0,"[1, 2, 5]",,1.0,0.0,,930.0,2210.0,21,[]
2026-07-17,9,1,4,2,"[1, 2, 6]",,,,,2.0,5.0,1.0,"[1, 2, 5]",,0.0,0.0,,510.0,43700.0,21,"[[1, 2, 6]]"
2026-07-17,10,1,5,2,,,,,,5.0,1.0,3.0,"[1, 3, 5]",,0.0,0.0,,590.0,5170.0,21,[]
2026-07-17,11,1,2,4,,,,,,1.0,2.0,6.0,"[1, 2, 6]",,1.0,0.0,,790.0,2340.0,21,[]
2026-07-17,12,1,2,3,"[1, 2, 5]",,,,,1.0,2.0,4.0,"[1, 2, 4]",,1.0,0.0,,700.0,1280.0,21,"[[1, 2, 5]]"
2026-07-17,1,1,2,3,,,,,,1.0,3.0,2.0,"[1, 2, 3]",,1.0,0.0,,300.0,800.0,24,[]
2026-07-17,2,1,3,4,,,,,,1.0,2.0,3.0,"[1, 2, 3]",,1.0,0.0,,400.0,1200.0,24,[]
2026-07-17,3,1,2,4,,,,,,1.0,5.0,3.0,"[1, 3, 5]",,1.0,0.0,,830.0,3520.0,24,[]
2026-07-17,4,1,3,2,,,,,,2.0,1.0,4.0,"[1, 2, 4]",,0.0,0.0,,2260.0,10910.0,24,[]
2026-07-17,5,1,3,2,,,,,,1.0,4.0,2.0,"[1, 2, 4]",,1.0,0.0,,500.0,2060.0,24,[]
2026-07-17,6,1,3,2,,,,,,1.0,2.0,3.0,"[1, 2, 3]",,1.0,0.0,,300.0,830.0,24,[]
2026-07-17,7,1,2,6,,,,,,1.0,2.0,3.0,"[1, 2, 3]",,1.0,0.0,,410.0,720.0,24,[]
2026-07-17,8,1,2,5,,,,,,3.0,1.0,4.0,"[1, 3, 4]",,0.0,0.0,,520.0,13950.0,24,[]
2026-07-17,9,1,2,3,,,,,,5.0,3.0,1.0,"[1, 3, 5]",,0.0,0.0,,650.0,17930.0,24,[]
2026-07-17,10,1,4,3,,,,,,3.0,1.0,2.0,"[1, 2, 3]",,0.0,0.0,,760.0,17440.0,24,[]
2026-07-17,11,1,2,5,,,,,,3.0,1.0,5.0,"[1, 3, 5]",,0.0,0.0,,1110.0,4680.0,24,[]
2026-07-17,12,1,2,3,,,,,,3.0,1.0,2.0,"[1, 2, 3]",,0.0,0.0,,230.0,2420.0,24,[]
2026-07-18,1,1,3,2,,,,,,3.0,4.0,6.0,"[3, 4, 6]",,0.0,0.0,,11970.0,23100.0,18,[]
2026-07-18,2,1,2,4,,,,,,1.0,2.0,3.0,"[1, 2, 3]",,1.0,0.0,,290.0,460.0,18,[]
2026-07-18,3,1,5,4,,,,,,1.0,4.0,2.0,"[1, 2, 4]",,1.0,0.0,,890.0,2570.0,18,[]
2026-07-18,4,1,2,5,,,,,,1.0,2.0,3.0,"[1, 2, 3]",,1.0,0.0,,340.0,500.0,18,[]
2026-07-18,5,1,2,3,,,,,,1.0,5.0,3.0,"[1, 3, 5]",,1.0,0.0,,1480.0,6480.0,18,[]
2026-07-18,6,1,3,4,,,,,,1.0,6.0,4.0,"[1, 4, 6]",,1.0,0.0,,740.0,5230.0,18,[]
2026-07-18,7,2,1,4,,,,,,3.0,1.0,2.0,"[1, 2, 3]",,0.0,0.0,,670.0,12820.0,18,[]
2026-07-18,8,2,1,3,,,,,,3.0,2.0,4.0,"[2, 3, 4]",,0.0,0.0,,2910.0,6570.0,18,[]
2026-07-18,9,1,3,4,,,,,,1.0,4.0,2.0,"[1, 2, 4]",,1.0,0.0,,470.0,740.0,18,[]
2026-07-18,10,3,1,2,,,,,,3.0,1.0,4.0,"[1, 3, 4]",,1.0,0.0,,570.0,2180.0,18,[]
2026-07-18,11,1,2,3,,,,,,1.0,3.0,2.0,"[1, 2, 3]",,1.0,0.0,,180.0,1520.0,18,[]
2026-07-18,12,1,2,5,,,,,,1.0,2.0,4.0,"[1, 2, 4]",,1.0,0.0,,480.0,930.0,18,[]
2026-07-18,1,1,2,3,,,,,,1.0,4.0,2.0,"[1, 2, 4]",,1.0,0.0,,600.0,1970.0,21,[]
2026-07-18,2,1,4,2,,,,,,4.0,5.0,1.0,"[1, 4, 5]",,0.0,0.0,,500.0,3240.0,21,[]
2026-07-18,3,1,3,4,,,,,,5.0,3.0,2.0,"[2, 3, 5]",,0.0,0.0,,5920.0,34840.0,21,[]
2026-07-18,4,1,4,3,,,,,,3.0,1.0,4.0,"[1, 3, 4]",,0.0,0.0,,300.0,3360.0,21,[]
2026-07-18,5,1,3,6,"[1, 2, 3]",,,,,1.0,3.0,5.0,"[1, 3, 5]",,1.0,0.0,,2120.0,2200.0,21,"[[1, 2, 3]]"
2026-07-18,6,1,4,2,,,,,,4.0,5.0,1.0,"[1, 4, 5]",,0.0,0.0,,1520.0,6080.0,21,[]
2026-07-18,7,1,3,5,,,,,,1.0,3.0,5.0,"[1, 3, 5]",,1.0,0.0,,470.0,840.0,21,[]
2026-07-18,8,1,4,6,,,,,,3.0,4.0,1.0,"[1, 3, 4]",,0.0,0.0,,590.0,5770.0,21,[]
2026-07-18,9,1,3,2,,,,,,4.0,2.0,5.0,"[2, 4, 5]",,0.0,0.0,,3510.0,8610.0,21,[]
2026-07-18,10,1,2,3,,,,,,4.0,1.0,6.0,"[1, 4, 6]",,0.0,0.0,,4100.0,48100.0,21,[]
2026-07-18,11,1,3,2,,,,,,1.0,6.0,2.0,"[1, 2, 6]",,1.0,0.0,,640.0,3620.0,21,[]
2026-07-18,12,1,3,4,,,,,,1.0,3.0,6.0,"[1, 3, 6]",,1.0,0.0,,1340.0,2540.0,21,[]
2026-07-19,1,1,5,2,,,,,,1.0,3.0,2.0,"[1, 2, 3]",,1.0,0.0,,310.0,730.0,18,[]
2026-07-19,2,1,3,2,,,,,,4.0,1.0,2.0,"[1, 2, 4]",,0.0,0.0,,1390.0,33810.0,18,[]
2026-07-19,3,1,3,4,,,,,,1.0,3.0,4.0,"[1, 3, 4]",,1.0,0.0,,680.0,1290.0,18,[]
2026-07-19,4,1,2,4,,,,,,1.0,2.0,3.0,"[1, 2, 3]",,1.0,0.0,,470.0,750.0,18,[]
2026-07-19,5,1,4,3,,,,,,1.0,6.0,4.0,"[1, 4, 6]",,1.0,0.0,,340.0,940.0,18,[]
2026-07-19,6,1,3,6,,,,,,1.0,4.0,5.0,"[1, 4, 5]",,1.0,0.0,,2370.0,6400.0,18,[]
2026-07-19,7,1,3,4,,,,,,3.0,1.0,4.0,"[1, 3, 4]",,0.0,0.0,,330.0,2670.0,18,[]
2026-07-19,8,2,4,6,,,,,,2.0,1.0,6.0,"[1, 2, 6]",,1.0,0.0,,710.0,2750.0,18,[]
2026-07-19,9,1,2,5,,,,,,1.0,2.0,4.0,"[1, 2, 4]",,1.0,0.0,,470.0,920.0,18,[]
2026-07-19,10,1,5,2,,,,,,3.0,5.0,1.0,"[1, 3, 5]",,0.0,0.0,,1230.0,35560.0,18,[]
2026-07-19,11,1,2,3,,,,,,1.0,4.0,3.0,"[1, 3, 4]",,1.0,0.0,,520.0,2380.0,18,[]
2026-07-19,12,1,2,4,,,,,,1.0,2.0,5.0,"[1, 2, 5]",,1.0,0.0,,680.0,970.0,18,[]
2026-07-19,1,1,4,5,"[1, 2, 4]",,,,,1.0,2.0,3.0,"[1, 2, 3]",,1.0,0.0,,520.0,1000.0,21,"[[1, 2, 4]]"
2026-07-19,2,1,2,3,,,,,,5.0,1.0,3.0,"[1, 3, 5]",,0.0,0.0,,340.0,4840.0,21,[]
2026-07-19,3,1,3,5,,,,,,5.0,6.0,3.0,"[3, 5, 6]",,0.0,0.0,,3100.0,29110.0,21,[]
2026-07-19,4,1,3,5,,,,,,1.0,2.0,4.0,"[1, 2, 4]",,1.0,0.0,,840.0,1510.0,21,[]
2026-07-19,5,1,3,2,,,,,,1.0,3.0,6.0,"[1, 3, 6]",,1.0,0.0,,570.0,980.0,21,[]
2026-07-19,6,1,2,3,,,,,,1.0,2.0,4.0,"[1, 2, 4]",,1.0,0.0,,3630.0,12550.0,21,[]
2026-07-19,7,1,3,6,,,,,,3.0,4.0,6.0,"[3, 4, 6]",,0.0,0.0,,2710.0,5940.0,21,[]
2026-07-19,8,1,3,2,,,,,,3.0,4.0,2.0,"[2, 3, 4]",,0.0,0.0,,3500.0,22520.0,21,[]
2026-07-19,9,1,3,4,,,,,,3.0,1.0,6.0,"[1, 3, 6]",,0.0,0.0,,470.0,2010.0,21,[]
2026-07-19,10,1,2,3,,,,,,3.0,2.0,6.0,"[2, 3, 6]",,0.0,0.0,,1040.0,3880.0,21,[]
2026-07-19,11,1,4,2,,,,,,5.0,1.0,4.0,"[1, 4, 5]",,0.0,0.0,,520.0,8890.0,21,[]
2026-07-19,12,1,2,4,,,,,,2.0,3.0,6.0,"[2, 3, 6]",,0.0,0.0,,8380.0,46740.0,21,[]
2026-07-20,1,1,3,4,,,,,,1.0,2.0,4.0,"[1, 2, 4]",,1.0,0.0,,980.0,1370.0,18,[]
2026-07-20,2,1,3,4,,,,,,1.0,2.0,3.0,"[1, 2, 3]",,1.0,0.0,,260.0,900.0,18,[]
2026-07-20,3,1,3,5,,,,,,3.0,5.0,6.0,"[3, 5, 6]",,0.0,0.0,,2070.0,5990.0,18,[]
2026-07-20,4,1,2,4,,,,,,1.0,2.0,5.0,"[1, 2, 5]",,1.0,0.0,,300.0,640.0,18,[]
2026-07-20,5,1,4,3,,,,,,1.0,2.0,4.0,"[1, 2, 4]",,1.0,0.0,,320.0,640.0,18,[]
2026-07-20,6,1,3,6,,,,,,1.0,3.0,4.0,"[1, 3, 4]",,1.0,0.0,,360.0,700.0,18,[]
2026-07-20,7,1,4,3,,,,,,1.0,4.0,5.0,"[1, 4, 5]",,1.0,0.0,,540.0,1040.0,18,[]
2026-07-20,8,1,4,2,,,,,,2.0,4.0,6.0,"[2, 4, 6]",,0.0,0.0,,1020.0,6640.0,18,[]
2026-07-20,9,1,2,4,,,,,,1.0,5.0,4.0,"[1, 4, 5]",,1.0,0.0,,1150.0,6530.0,18,[]
2026-07-20,10,1,2,4,"[1, 2, 4]",,,,,1.0,4.0,3.0,"[1, 3, 4]",,1.0,0.0,,450.0,1260.0,18,"[[1, 2, 4]]"
2026-07-20,11,1,2,4,,,,,,1.0,3.0,2.0,"[1, 2, 3]",,1.0,0.0,,370.0,900.0,18,[]
2026-07-20,12,1,2,3,,,,,,1.0,4.0,2.0,"[1, 2, 4]",,1.0,0.0,,270.0,1060.0,18,[]
2026-07-22,1,1,3,4,,,,,,1.0,3.0,2.0,"[1, 2, 3]",,1.0,0.0,,650.0,1260.0,24,[]
2026-07-22,2,4,3,2,,,,,,3.0,5.0,4.0,"[3, 4, 5]",,0.0,0.0,,1200.0,9690.0,24,[]
2026-07-22,3,1,4,5,,,,,,1.0,2.0,6.0,"[1, 2, 6]",,1.0,0.0,,4080.0,10880.0,24,[]
2026-07-22,4,4,1,2,,,,,,4.0,2.0,6.0,"[2, 4, 6]",,1.0,0.0,,1330.0,5410.0,24,[]
2026-07-22,5,1,4,3,,,,,,4.0,1.0,3.0,"[1, 3, 4]",,0.0,0.0,,360.0,6560.0,24,[]
2026-07-22,6,1,4,2,,,,,,6.0,2.0,3.0,"[2, 3, 6]",,0.0,0.0,,3470.0,24540.0,24,[]
2026-07-22,7,1,3,2,,,,,,1.0,2.0,3.0,"[1, 2, 3]",,1.0,0.0,,100.0,270.0,24,[]
2026-07-22,8,1,2,6,,,,,,1.0,2.0,4.0,"[1, 2, 4]",,1.0,0.0,,550.0,1210.0,24,[]
2026-07-22,9,1,2,6,,,,,,6.0,1.0,2.0,"[1, 2, 6]",,0.0,0.0,,240.0,4670.0,24,[]
2026-07-22,10,1,2,4,,,,,,5.0,3.0,4.0,"[3, 4, 5]",,0.0,0.0,,3040.0,36450.0,24,[]
2026-07-22,11,1,4,2,,,,,,1.0,2.0,5.0,"[1, 2, 5]",,1.0,0.0,,690.0,1410.0,24,[]
2026-07-22,12,1,3,2,,,,,,4.0,5.0,1.0,"[1, 4, 5]",,0.0,0.0,,1630.0,14290.0,24,[]
2026-07-23,1,1,3,2,,,,,,,,,,,,,,,,21,[]
2026-07-23,2,1,4,2,,,,,,,,,,,,,,,,21,[]
2026-07-23,3,1,3,5,,,,,,,,,,,,,,,,21,[]
2026-07-23,4,1,3,5,,,,,,,,,,,,,,,,21,[]
2026-07-23,5,1,5,4,,,,,,,,,,,,,,,,21,[]
2026-07-23,6,1,3,6,,,,,,,,,,,,,,,,21,[]
2026-07-23,7,1,5,6,,,,,,,,,,,,,,,,21,[]
2026-07-23,8,2,1,6,,,,,,,,,,,,,,,,21,[]
2026-07-23,9,1,4,2,,,,,,,,,,,,,,,,21,[]
2026-07-23,10,1,4,3,,,,,,,,,,,,,,,,21,[]
2026-07-23,11,1,3,2,,,,,,,,,,,,,,,,21,[]
2026-07-23,12,1,2,3,,,,,,,,,,,,,,,,21,[]
2026-07-23,1,1,3,2,,,,,,,,,,,,,,,,24,[]
2026-07-23,2,1,5,2,,,,,,,,,,,,,,,,24,[]
2026-07-23,3,2,1,5,,,,,,,,,,,,,,,,24,[]
2026-07-23,4,1,4,3,,,,,,,,,,,,,,,,24,[]
2026-07-23,5,1,6,4,,,,,,,,,,,,,,,,24,[]
2026-07-23,6,1,3,5,,,,,,,,,,,,,,,,24,[]
2026-07-23,7,1,4,2,,,,,,,,,,,,,,,,24,[]
2026-07-23,8,1,4,6,,,,,,,,,,,,,,,,24,[]
2026-07-23,9,1,4,2,,,,,,,,,,,,,,,,24,[]
2026-07-23,10,1,2,3,,,,,,,,,,,,,,,,24,[]
2026-07-23,11,1,4,2,,,,,,,,,,,,,,,,24,[]
2026-07-23,12,1,4,3,,,,,,,,,,,,,,,,24,[]
